ch_id,ch_name,sev,passthrough,gamma,clahe,stretch,va_rule,cidnet,adair,zero_dce,ffa_net,promptir,oracle4,oracle6
1,Decolorization,1,77.81,78.4,63.61,74.7,77.81,80.47,76.85,78.33,77.29,76.55,85.95,86.98
1,Decolorization,2,74.63,73.59,58.36,72.26,74.63,79.73,74.48,75.52,74.33,73.67,84.39,86.09
1,Decolorization,3,66.86,65.68,46.75,68.42,66.86,76.18,66.94,68.71,68.93,68.49,80.55,83.58
1,Decolorization,4,55.03,60.43,37.06,61.39,55.03,66.49,55.62,63.83,58.06,57.32,72.93,77.14
1,Decolorization,5,54.73,62.13,34.99,52.81,54.73,57.32,53.4,62.43,52.44,51.55,65.16,66.05
2,LensBlur,1,67.83,62.94,72.34,66.94,67.9,67.16,69.75,63.68,68.49,67.01,80.99,82.32
2,LensBlur,2,49.93,46.38,58.65,51.92,50.74,51.04,51.33,46.67,51.63,48.37,67.09,68.27
2,LensBlur,3,38.31,24.33,43.05,38.61,38.02,31.21,40.09,24.78,36.46,37.28,53.92,56.51
2,LensBlur,4,19.08,16.49,36.02,21.45,20.93,19.97,30.99,17.9,19.9,19.16,40.24,46.97
2,LensBlur,5,13.39,12.28,34.69,16.35,14.94,13.91,18.71,11.69,15.38,14.42,39.2,41.79
3,CodecError,1,61.39,62.8,42.75,57.03,61.39,62.13,61.46,61.02,60.95,60.58,71.08,73.45
3,CodecError,2,57.99,57.69,37.13,52.07,57.69,57.47,56.88,56.36,56.58,56.8,67.31,69.75
3,CodecError,3,50.81,52.81,31.29,45.93,50.3,50.0,50.44,50.44,49.56,50.07,61.02,63.68
3,CodecError,4,46.6,48.08,28.48,41.94,46.15,45.86,45.71,46.6,45.49,45.41,57.62,60.06
3,CodecError,5,45.04,45.86,27.37,40.01,44.82,44.45,44.97,44.23,44.3,44.23,55.03,57.99
4,Darkening,1,76.7,77.37,63.31,71.08,76.7,78.62,76.78,80.7,75.96,75.07,84.84,86.54
4,Darkening,2,75.07,75.74,58.43,55.99,72.71,77.66,75.59,80.18,75.59,75.0,83.06,85.13
4,Darkening,3,69.08,77.37,52.51,8.28,76.41,76.18,74.26,77.88,71.3,69.38,80.25,84.47
4,Darkening,4,59.84,76.33,51.04,0.0,76.33,74.7,71.75,77.22,59.47,48.89,79.44,85.21
4,Darkening,5,32.47,73.59,47.34,0.0,73.59,69.23,60.87,73.89,21.6,6.66,75.74,81.36
5,DirtyLens,1,80.18,77.22,65.16,76.7,80.18,80.7,78.85,76.18,79.59,78.33,86.83,87.13
5,DirtyLens,2,82.17,77.66,65.46,79.73,82.17,81.58,80.1,74.19,80.4,80.4,86.54,87.13
5,DirtyLens,3,82.54,74.04,63.68,82.91,82.54,80.92,81.07,71.52,81.43,80.25,86.32,86.46
5,DirtyLens,4,80.33,71.82,62.65,83.06,80.4,79.88,80.62,66.86,81.95,80.4,85.36,85.95
5,DirtyLens,5,57.99,53.03,50.0,66.64,58.95,61.54,69.82,46.97,66.05,69.6,70.04,75.44
6,Exposure,1,84.17,80.99,70.86,83.51,84.17,82.1,83.21,76.7,83.43,83.28,88.39,88.83
6,Exposure,2,81.07,74.19,73.3,76.33,81.29,81.73,80.84,70.27,80.55,80.62,86.09,86.83
6,Exposure,3,64.42,56.07,60.72,53.33,64.57,64.28,64.28,56.21,63.17,63.68,70.49,72.49
6,Exposure,4,28.25,22.56,30.33,23.67,28.4,28.18,28.33,23.89,28.85,28.33,34.54,35.87
6,Exposure,5,13.83,8.8,16.79,8.14,14.42,14.35,14.42,10.21,14.35,14.5,17.68,18.27
7,GaussianBlur,1,59.99,59.39,70.12,60.95,60.06,61.02,63.76,60.28,61.83,59.69,77.14,78.25
7,GaussianBlur,2,44.6,39.35,55.92,45.78,45.12,45.71,45.93,34.17,45.49,43.12,61.61,62.87
7,GaussianBlur,3,17.83,15.75,37.13,19.75,19.82,18.57,19.67,15.61,18.42,17.31,42.23,44.3
7,GaussianBlur,4,13.09,12.5,25.37,14.87,14.79,13.24,17.97,12.5,14.79,13.98,28.62,32.47
7,GaussianBlur,5,6.66,6.51,17.83,9.32,8.73,7.62,11.24,5.99,7.32,7.1,20.78,24.04
8,Noise,1,76.18,76.63,52.0,74.93,76.18,78.25,76.63,77.22,77.07,76.7,84.54,85.5
8,Noise,2,70.64,68.49,35.36,68.64,70.64,72.93,69.38,68.71,70.04,69.53,78.92,81.29
8,Noise,3,55.7,54.81,26.18,51.26,55.62,54.22,55.55,54.14,49.85,53.11,65.98,67.53
8,Noise,4,39.35,37.35,20.86,35.65,39.28,36.91,41.27,35.72,34.39,37.06,51.55,55.84
8,Noise,5,26.26,27.0,15.31,24.48,26.33,25.07,29.73,23.37,23.96,25.59,39.87,45.27
9,Rain,1,52.07,43.79,27.07,55.4,52.0,51.11,57.4,24.93,58.21,57.62,57.91,60.87
9,Rain,2,39.28,26.04,21.52,37.28,38.98,36.39,38.68,13.39,41.57,37.5,44.75,48.08
9,Rain,3,31.58,22.78,19.3,29.59,31.21,29.59,31.29,10.28,34.54,30.7,37.13,40.68
9,Rain,4,28.18,21.15,17.6,27.37,27.66,25.96,28.7,9.47,30.55,27.29,33.95,37.87
9,Rain,5,25.44,16.86,12.94,25.44,20.71,22.12,28.77,3.92,31.73,28.7,32.1,37.2
10,Shadow,1,77.0,78.4,64.79,74.11,77.0,77.88,77.0,79.51,76.63,76.63,85.58,86.39
10,Shadow,2,77.88,76.78,64.42,71.52,77.81,77.81,77.74,79.59,76.63,77.0,85.13,86.17
10,Shadow,3,76.11,75.81,62.65,70.78,76.04,76.41,76.11,78.99,75.96,75.15,84.62,85.36
10,Shadow,4,75.07,72.41,60.72,68.2,73.96,75.81,76.11,77.29,75.81,75.59,82.62,84.02
10,Shadow,5,73.0,73.37,59.39,51.18,73.52,75.0,73.96,74.48,73.89,73.37,81.14,83.8
11,Snow,1,79.07,79.66,64.5,76.18,79.07,79.14,78.62,79.44,78.92,78.55,86.61,87.65
11,Snow,2,76.26,76.18,57.62,76.63,76.26,78.25,75.59,74.11,77.22,76.85,85.13,85.72
11,Snow,3,65.75,67.53,48.82,68.86,65.75,75.0,65.9,65.61,65.83,66.79,78.62,81.66
11,Snow,4,58.88,57.91,48.52,59.62,58.88,66.86,60.21,58.65,59.54,60.06,71.89,75.37
11,Snow,5,44.08,40.38,40.9,30.47,44.45,42.68,41.72,39.28,40.75,41.64,56.43,57.54
12,Haze,1,77.0,63.39,62.72,79.51,76.85,76.92,77.81,60.58,77.44,77.51,84.1,85.06
12,Haze,2,62.35,52.96,59.69,76.63,63.54,71.23,76.92,46.52,77.0,76.04,78.85,83.58
12,Haze,3,49.78,41.27,51.55,58.21,54.14,52.66,77.37,33.95,76.41,76.85,63.17,81.66
12,Haze,4,24.7,13.02,51.85,29.44,51.92,22.49,60.06,12.94,48.08,57.84,55.4,68.42
12,Haze,5,18.2,9.99,47.63,21.38,47.71,16.94,37.5,9.84,30.99,34.32,50.67,59.76
